ingredient,cas_number
"(3R,4S,5S,6R)-2-HEXOXY-6-(HYDROXYMETHYL)OXANE-3,4,5-TRIOL",54549-24-5
(4-FORMYLPHENYL)BORONIC ACID,87199-17-5
"[(2R,3R,4R,5R)-2-(2-AMINO-6-OXO-3H-PURIN-9-YL)-4-HYDROXY-5-(HYDROXYMETHYL)OXOLAN-3-YL] DIHYDROGEN PHOSPHATE",12237-24-0
[3-[[(2R)-1-[(2R)-1-[(2S)-2-[(3R)-3-HYDROXYBUTOXY]PROPOXY]PROPAN-2-YL]OXYPROPAN-2-YL]OXYCARBONYLAMINO]-4-METHYLPHENYL]CARBAMIC ACID,68400-67-9
"1,2-THIAZOL-3-ONE",1003-07-2
"1,3,5-TRIAZINE-2,4,6(1H,3H,5H)-TRIONE, 1,3,5-TRICHLORO-",87-90-1
"1,3-CYCLOHEXANEDIMETHANAMINE",2579-20-6
"1,4-BIS(2,4,6-TRIMETHYLANILINO)ANTHRACENE-9,10-DIONE",116-75-6
"1,4-DIAMINO-2,3-DICHLOROANTHRACENE-9,10-DIONE",81-42-5
"1-[3-(2,4-DIAMINO-6-METHYLQUINAZOLIN-7-YL)PHENYL]ETHANONE",93348-22-2
"10-ETHOXY-9,9-DIMETHYLDECAN-1-AMINE",68603-58-7
"2,3-DIMETHYLPHENOL",1300-71-6
"2,4,5-TRIMETHOXYBENZOIC ACID",490-64-2
"2,4-DIMETHYL-3-CYCLOHEXENE CARBOXALDEHYDE",68039-49-6
"2,5-FURANDIONE, HOMOPOLYMER, SODIUM SALT",70247-90-4
"2,6-DIMETHYL-7-OCTEN-2-OL",18479-58-8
"2,6-DITHIA-1,3,5,7-TETRAAZATRICYCLO[3.3.1.13,7]DECANE, 2,2,6,6-TETRAOXIDE",80-12-6
2-(BENZOTRIAZOL-2-YL)-4-TERT-BUTYLPHENOL,3147-76-0
2-[(2-METHOXY-4-NITROPHENYL)DIAZENYL]-N-(2-METHOXYPHENYL)-3-OXOBUTANAMIDE,6358-31-2
2-[METHYL(2-OCTADECANOYLOXYETHYL)AMINO]ETHYL OCTADECANOATE,13998-76-0
2-ACETYLOXYETHYL ACETATE,27252-83-1
2-AMINOETHANOL; BENZENESULFONIC ACID,68910-32-7
"2-AMINOETHANOL;2-HYDROXYPROPANE-1,2,3-TRICARBOXYLIC ACID",17863-38-6
"2-BROMO-2-NITROPROPANE-1,3-DIOL",52-51-7
2-ETHYL-2-METHYLHEXANOIC ACID,1185-29-1
2-HYDROXYETHYL 18-HEXADECANOYLOXYOCTADECANOATE,91031-31-1
2-METHYL-3-PHENYLPROPAN-1-OL,7384-80-7
"2-NAPHTHALENAMINE, 1-(2-PHENYLDIAZENYL)-",85-84-7
"2-NAPHTHALENESULFONIC ACID, 6-METHYL-, SODIUM SALT (1:1)",13035-04-6
"2-PROPENOIC ACID, 2-METHYL-, OCTADECYL ESTER, POLYMER WITH 2-PROPENOIC ACID",27756-15-6
"2-PROPENOIC ACID, METHYL ESTER, REACTION PRODUCTS WITH 2-ETHYL-1-HEXANAMINE AND SODIUM HYDROXIDE",68610-44-6
2-T-BUTYLCYCLOHEXYL ACETATE,88-41-5
"3,3-BIS(4-HYDROXY-2-METHYL-5-PROPAN-2-YLPHENYL)-2-BENZOFURAN-1-ONE",125-20-2
"3-[18-(2-CARBOXYETHYL)-8,13-BIS(ETHENYL)-3,7,12,17-TETRAMETHYLPORPHYRIN-21,23-DIID-2-YL]PROPANOIC ACID;IRON(2+)",104244-10-2
"3-BROMO-1-CHLORO-5,5-DIMETHYLHYDANTOIN",126-06-7
"3-DODECYLSULFANYL-1-(2,6,6-TRIMETHYLCYCLOHEX-3-EN-1-YL)BUTAN-1-ONE",543724-31-8
3-HEXENOL,928-96-1
4-METHYL-3-DECEN-5-OL / METHYL DECENOL,81782-77-6
4-TERT-BUTYLCYCLOHEXYL ACETATE,32210-23-4
"7,14-METHANO-2H,6H-DIPYRIDO[1,2-A:1',2'-E][1,5]DIAZOCINE, DODECAHYDRO-, [7S-(7ALPHA,7AALPHA,14ALPHA,14ABETA)]-",90-39-1
"9,10-ANTHRACENEDIONE, 1,4-BIS[(2-ETHYLHEXYL)AMINO]-",29887-08-9
ABIES ALBA LEAF OIL,8021-27-0
ABIES BALSAMEA RESIN / ABIES BALSAMEA BALSAM EXTRACT,8007-47-4
ACACIA DECURRENS EXTRACT,98903-76-5
ACETIC ACID,64-19-7
"ACETIC ACID;ETHANE-1,2-DIAMINE",38734-69-9
ACETYLCEDRENE,32388-55-9
ACID BLUE 145,6408-80-6
ACID BLUE 182,12219-26-0
ACID BLUE 40,6424-85-7
ACID BLUE 9 ALUMINUM LAKE / BLUE 1 LAKE,68921-42-6
ACID BLUE 9 AMMONIUM SALT,2650-18-2
ACID BLUE 93,28983-56-4
ACID ORANGE 7 / CI 15510,633-96-5
ACID RED 40,12167-45-2
ACRYLATES COPOLYMER,25685-29-4
ACRYLATES COPOLYMER,25035-69-2
ACRYLATES COPOLYMER,25133-97-5
ACRYLATES COPOLYMER,25212-88-8
ACRYLATES/C10-30 ALKYL ACRYLATE CROSSPOLYMER,NA
ACUSOL 425N POLYMER,NA
ADIPIC ACID/NEOPENTYL GLYCOL/TRIMELLITIC ANHYDRIDE COPOLYMER,28407-73-0
AGAVE AMERICANA LEAF EXTRACT,85186-53-4
ALCOHOL,64-17-5
"ALCOHOLS, C10-12, ETHOXYLATED ",67254-71-1
"ALCOHOLS, C12-13, BRANCHED AND LINEAR, ETHOXYLATED",160901-19-9
"ALCOHOLS, C12-18, ETHOXYLATED",68213-23-0
"ALCOHOLS, C12-20, ETHOXYLATED",68526-94-3
"ALCOHOLS, C16-22, ETHOXYLATED",69227-20-9
ALGINIC ACID,9005-32-7
"ALKANES, C18-70",70913-86-9
ALKYL C12-14 DIMETHYLETHYLBENZYL AMMONIUM CHLORIDE,85409-23-0
ALKYL C12-18 DIMETHYL ETHYLBENZYL AMMONIUM CHLORIDE,68956-79-6
ALKYL C12-18 DIMETHYLBENZYL AMMONIUM CHLORIDE,53516-76-0
ALKYLBENZENE SULFONIC ACID,68584-22-5
ALLYL CYCLOHEXYLPROPIONATE,2705-87-5
ALOE BARBADENSIS EXTRACT,85507-69-3
ALOE BARBADENSIS LEAF EXTRACT,94349-62-9
ALPHA-ISOMETHYL IONONE,127-51-5
ALPHA-SULFOMETHYL COCOATE,NA
ALUMINA,1318-23-6
ALUMINUM DISTEARATE,300-92-5
AMINOMETHYL PROPANOL,124-68-5
AMINOTRIMETHYLENE PHOSPHONIC ACID,6419-19-8
AMMONIUM C12-15 PARETH SULFATE,125301-89-5
AMMONIUM CHLORIDE,12125-02-9
AMMONIUM HYDROXIDE,1336-21-6
AMMONIUM LAURETH SULFATE,32612-48-9
AMMONIUM LAURETH SULFATE,67762-19-0
AMMONIUM LAURYL SULFATE,2235-54-3
AMYL CINNAMAL,122-40-7
AMYLASE,9000-92-4
AMYLASE ENZYME,9000-90-2
ANISALDEHYDE,123-11-5
ANISE ALCOHOL,105-13-5
ANTHEMIS NOBILIS FLOWER OIL,8015-92-7
AQUA / WATER,7732-18-5
ARTEMISIA PALLENS FLOWER OIL,2233887
ASPARTIC ACID,25608-40-6
ASPARTIC ACID,617-45-8
AZIRIDINE,68130-99-4
"AZIRIDINE, POLYMER WITH OXIRANE",26658-46-8
B62 AGGLOMERATE,NA
BEHENETH,26636-40-8
BENZALKONIUM CHLORIDE,68391-01-5
BENZALKONIUM CHLORIDE,68424-85-1
BENZALKONIUM CHLORIDE,63449-41-2
BENZENESULFONIC ACID,98-11-3
"BENZENESULFONIC ACID, 2,2'-(1,2-ETHENEDIYL)BIS[5-AMINO-",81-11-8
"BENZENESULFONIC ACID, 4-[2-[3-[2-(2,4-DIMETHYLPHENYL)DIAZENYL]-2,4-DIHYDROXYPHENYL]DIAZENYL]-, SODIUM SALT (1:1)",6371-84-2
"BENZENESULFONIC ACID, 4-[2-[3-[2-(DIMETHYLPHENYL)DIAZENYL]-2,4-DIHYDROXYPHENYL]DIAZENYL]-, SODIUM SALT (1:1)",1320-07-6
"BENZENESULFONIC ACID, DODECYL(SULFOPHENOXY)-, SODIUM SALT (1:2)",28519-02-0
BENZISOTHIAZOLINONE,2634-33-5
BENZOIC ACID,65-85-0
BENZOPHENONE-12,1843-05-6
BENZOTRIAZOLE,95-14-7
BENZOTRIAZOLYL DODECYL P-CRESOL,125304-04-3
BENZYL ACETATE,140-11-4
BENZYL ALCOHOL,100-51-6
BENZYL BENZOATE,120-51-4
BENZYL SALICYLATE,118-58-1
BETA-CARYOPHYLLENE,87-44-5
BETULA ALBA BARK/LEAF EXTRACT,84012-15-7
BHT,128-37-0
BIS[(Z)-1-CARBOXYICOS-11-EN-2-YL]-(2-HYDROXYETHYL)-METHYLAZANIUM;METHYL SULFATE,70914-09-9
BORIC ACID,10043-35-3
BORIC ACID,11113-50-1
BORON SODIUM OXIDE (B8NA2O13),12008-41-2
BROMOCHLORO DIMETHYLHYDANTOIN,16079-88-2
"BUTA-1,3-DIENE;FURAN-2,5-DIONE",25655-35-0
"BUTANAMIDE, 2,2'-[(3,3'-DICHLORO[1,1'-BIPHENYL]-4,4'-DIYL)BIS(2,1-DIAZENEDIYL)]BIS[N-(2-METHYLPHENYL)-3-OXO-",5468-75-7
BUTANE,106-97-8
BUTOXYDIGLYCOL,112-34-5
BUTOXYETHANOL,111-76-2
BUTYLPHENYL METHYLPROPIONAL,80-54-6
C.I. ACID VIOLET 75,12239-13-3
C.I. DIRECT BLUE 199,12222-04-7
C.I. PIGMENT GREEN 50,68186-85-6
C.I. REACTIVE GREEN 12,12225-80-8
C.I. SOLVENT VIOLET 37,61969-50-4
C10-12 ALCOHOL ETHOXYLATES,66455-15-0
C10-12 ALKANE/CYCLOALKANE,64742-48-9
C10-13 ISOPARAFFIN,68551-17-7
C10-16 ALCOHOLS ETHOXYLATED PROPOXYLATED,69227-22-1
C10-16 FATTY ACID,68002-90-4
C11-12 ISOPARAFFIN,246538-76-1
C11-15 SEC-PARETH-12,68131-40-8
C12-13 PARETH,66455-14-9
C12-14 ISOPARAFFIN,68551-19-9
C12-14 PARETH-7 / C12-14 PARETH-12 / C12-14 PARETH-3,68439-50-9
C12-14 SEC-PARETH,84133-50-6
C12-15 ALCOHOLS,63393-82-8
C12-15 ALCOHOLS ETHOXYLATED PROPOXYLATED,120313-48-6
C12-15 PARETH,68131-39-5
C12-16 PARETH-5 / C12-16 PARETH-7 / C12-16 PARETH-9,68551-12-2
C13-14 ALKANE,64742-47-8
C13-16 ISOPARAFFIN,68551-20-2
C14-15 PARETH,68951-67-7
C15-19 ALKANE / C13-15 ALKANE,64742-46-7
C24-54 ALKENES,131459-42-2
C6-10 ALCOHOLS ETHOXYLATED PROPOXYLATED,68987-81-5
C6-12 ALCOHOL ETHOXYLATES,68439-45-2
C7-21 ALCOHOLS ETHOXYLATED,68991-48-0
C7-8 SYNTHETIC ISOPARAFFIN,90622-56-3
C7-8 SYNTHETIC ISOPARAFFIN,64741-66-8
C9-11 ALKYL GLUCOSIDE,132778-08-6
C9-11 ISOPARAFFIN,68551-16-6
C9-11 PARETH-6 / C9-11 PARETH-8 / C9-11 PARETH-3,68439-46-3
CALCIUM CARBONATE,1317-65-3
CALCIUM CHLORIDE,10035-04-8
CALCIUM CHLORIDE,10043-52-4
CALCIUM DISODIUM EDTA,62-33-9
CALCIUM SILICATE,1344-95-2
CALCIUM STEARATE,1592-23-0
CALCIUM;DIFORMATE,544-17-2
CAMPHOR,76-22-2
CANANGA ODORATA LEAF OIL / CANANGA ODORATA FLOWER OIL,8006-81-3
CANARIUM LUZONICUM GUM NONVOLATILES,8023-89-0
CAPRYLETH-4,27252-75-1
CAPRYLYL ALCOHOL,111-87-5
CAPRYLYL/CAPRYL GLUCOSIDE,68515-73-1
CAPRYLYLALKONIUM CHLORIDE,959-55-7
CARAMEL,8028-89-5
CARBONATED WATER,NA
CARUM PETROSELINUM SEED OIL,8000-68-8
CARYA OVATA BARK EXTRACT,91723-46-5
CATALASE,2593710
CEDRENOL,28231-03-0
CEDROL,77-53-2
CELLULASE,9012-54-8
CELLULOSE,9004-34-6
CELLULOSE GUM,9004-32-4
CETALKONIUM CHLORIDE,122-18-9
CETEARETH,68439-49-6
CETETH-12,9004-95-9
CETYL BETAINE,693-33-4
CHLOROPHENE,120-32-1
CHLOROXYLENOL,88-04-0
CI 10020,19381-50-1
CI 14700,4548-53-2
CI 15850 / PIGMENT RED 57,5858-81-1
CI 15985,2783-94-0
CI 16255 / ACID RED 18,2611-82-7
CI 17200 / ACID RED 33,3567-66-6
CI 18965,6359-98-4
CI 19140 / ACID YELLOW 23,1934-21-0
CI 42051,3536-49-0
CI 42080,3486-30-4
CI 42090 / ACID BLUE 9,3844-45-9
CI 45100 / ACID RED 52,3520-42-1
CI 47005,8004-92-0
CI 59040,6358-69-6
CI 60730 / ACID VIOLET 43,4430-18-6
CI 61565,128-80-3
CI 61570,4403-90-1
CI 61585,4474-24-2
CI 74180,1330-38-7
CI 74260,1328-53-6
CI 75120,1393-63-1
CI 77004,1302-78-9
CI 77007,12769-96-9
CI 77220 / CALCIUM CARBONATE,471-34-1
CI 77400,7440-50-8
CINNAMOMUM ZEYLANICUM BARK EXTRACT,84649-98-9
CINNAMON OIL,8015-91-6
CINNAMYL ALCOHOL,104-54-1
CITRAL,5392-40-5
CITRIC ACID,77-92-9
CITRIC ACID,5949-29-1
CITROL,624-15-7
CITRONELLAL,106-23-0
CITRONELLOL,106-22-9
CITRUS AURANTIFOLIA OIL,8008-26-2
CITRUS AURANTIUM AMARA FLOWER OIL / CITRUS AURANTIUM AMARA LEAF/TWIG OIL,68916-04-1
CITRUS AURANTIUM BERGAMIA FRUIT OIL,68648-33-9
CITRUS AURANTIUM BERGAMIA FRUIT OIL,8007-75-8
CITRUS AURANTIUM DULCIS PEEL OIL / CITRUS AURANTIUM DULCIS OIL,8008-57-9
CITRUS AURANTIUM FLOWER OIL,8016-38-4
CITRUS LIMON PEEL OIL,8008-56-8
CITRUS NOBILIS OIL,8008-31-9
CITRUS PARADISI FRUIT EXTRACT,8016-20-4
"CITRUS PARADISI, X C. RETICULATA PEEL OIL EXPRESSED",72869-73-9
CITRUS RETICULATA LEAF OIL,8014-17-3
CITRUS SPECIES PEEL OIL EXPRESSED,94266-47-4
CLAYS ,1302-87-0
COCAMIDE DEA,68603-42-9
COCAMIDE DEA,61791-31-9
COCAMIDE MEA,68140-00-1
COCAMIDOPROPYL BETAINE,70851-07-9
COCAMIDOPROPYL BETAINE,61789-40-0
COCAMIDOPROPYL DIMETHYLAMINE,68140-01-2
COCAMIDOPROPYL HYDROXYSULTAINE,68139-30-0
COCAMIDOPROPYLAMINE OXIDE,68155-09-9
COCAMINE OXIDE,61788-90-7
COCETH,61791-13-7
COCO-BETAINE,68424-94-2
COCO-GLUCOSIDE / LAURYL GLUCOSIDE,110615-47-9
COCOALKONIUM CHLORIDE,61789-71-7
COCONUT ACID,61788-47-4
COCOS NUCIFERA FRUIT/FRUIT JUICE EXTRACT,8001-31-8
COCOYL HYDROXYETHYL IMIDAZOLINE,61791-38-6
COPAIFERA RETICULATA BALSAM EXTRACT,8001-61-4
COPERNICIA CERIFERA WAX,8015-86-9
COPPER CARBONATE HYDROXIDE,12069-69-1
COPPER SULFATE PENTAHYDRATE,7758-99-8
CORIANDRUM SATIVUM FRUIT OIL,8008-52-4
COUMARIN,91-64-5
CRISTOBALITE (SIO2),14464-46-1
CUPRESSUS SEMPERVIRENS OIL,8013-86-3
CYCLAMEN ALDEHYDE,103-95-7
CYCLODEXTRIN,7585-39-9
CYCLOMETHICONE,69430-24-6
CYMBOPOGON MARTINI OIL,8014-19-5
CYMBOPOGON NARDUS OIL,8000-29-1
CYMBOPOGON SCHOENANTHUS OIL,2230569
"D-GLUCITOL, 1-DEOXY-1-[METHYL(1-OXODODECYL)AMINO]-",87246-72-8
"D-GLUCOPYRANOSE, OLIGOMERIC, C10-12-ALKYL GLYCOSIDES",656223-39-1
"D-GLUCOPYRANOSE, OLIGOMERIC, C12-16-ALKYL GLYCOSIDES",510759-65-6
"D-GLUCOPYRANOSE, OLIGOMERIC, C6-12-ALKYL GLYCOSIDES",113976-90-2
"D-GLUCOPYRANOSE, OLIGOMERIC, DECYL OCTYL GLYCOSIDES, 3-(DODECYLDIMETHYLAMMONIO)-2-HYDROXYPROPYL ETHERS, CHLORIDES, POLYMERS WITH 1,3-DICHLORO-2-PROPANOL",1023302-86-4
D-LIMONENE,5989-27-5
DECANAL,112-31-2
DECETH-4,26183-52-8
DECYLAMINE OXIDE,2605-79-0
DENATONIUM BENZOATE,3734-33-6
DIALLYLDIMETHYL AMMONIUM CHLORIDE,7398-69-8
DIAMMONIUM PHOSPHATE,7783-28-0
DIATOMACEOUS EARTH,61790-53-2
DICAPRYL/DICAPRYLYL DIMONIUM CHLORIDE,68424-95-3
DICHLORODIMETHYL HYDANTOIN,118-52-5
DICHLOROETHYLMETHYL HYDANTOIN,89415-87-2
DIDECYLDIMONIUM CHLORIDE,7173-51-5
DIETHANOLAMINE,111-42-2
DIETHYL MALONATE,105-53-3
DIETHYLENE GLYCOL,111-46-6
"DIETHYLENEAMINE PENTA ACETATE, SALT",NA
DIHEXADECYL(DIMETHYL)AZANIUM;METHYL SULFATE,68002-58-4
DIHYDROGENATED TALLOW HYDROXYETHYLMONIUM METHOSULFATE,91995-81-2
DIISOPROPANOLAMINE,110-97-4
DILAURYL THIODIPROPIONATE,123-28-4
DIMETHICONE,63148-62-9
DIMETHYL OXAZOLIDINE,51200-87-4
DIMETHYLCYCLOHEXENYL 3-BUTENYL KETONE,56973-85-4
DIMETHYLDIOCTYLAMMONIUM CHLORIDE,5538-94-3
DIPALMITOYLETHYL HYDROXYETHYLMONIUM METHOSULFATE,161294-46-8
DIPENTAERYTHRITYL HEXACAPRYLATE/HEXACAPRATE,68130-24-5
DIPHENYL ETHER,101-84-8
DIPROPYLENE GLYCOL,25265-71-8
DIPROPYLENE GLYCOL,110-98-5
DIPROPYLENE GLYCOL BUTYL ETHER,29911-28-2
DIPROPYLETHYL TETRAAMINE,888888-03-3
DIRECT VIOLET 9,6227-14-1
DISODIUM 2-SULFOLAURATE,38841-48-4
DISODIUM C12-14 PARETH-3 SULFOSUCCINATE,68815-56-5
DISODIUM CITRATE,144-33-2
DISODIUM DECYL PHENYL ETHER DISULFONATE,36445-71-3
DISODIUM DISTYRYLBIPHENYL DISULFONATE,27344-41-8
DISODIUM EDTA,139-33-3
DISODIUM HYDROXYETHYLIMINODIACETATE,135-37-5
DISODIUM HYDROXYETHYLIMINODIACETATE METHYLISOTHIAZOLINONE,NA
DISODIUM LAURYL PHENYL ETHER DISULFONATE,119345-04-9
DISODIUM LAURYL SULFOSUCCINATE,26838-05-1
DISODIUM OXYBIS[DECYLBENZENESULFONATE],70146-13-3
DISODIUM;2-METHYLIDENEBUTANEDIOATE,5363-69-9
"DISODIUM;3-[[4-AMINO-9,10-DIOXO-3-[2-SULFONATO-4-(2,4,4-TRIMETHYLPENTAN-2-YL)PHENOXY]ANTHRACEN-1-YL]AMINO]-2,4,6-TRIMETHYLBENZENESULFONATE",72243-90-4
"DISODIUM;5-[[4-ANILINO-6-[BIS(2-HYDROXYETHYL)AMINO]-1,3,5-TRIAZIN-2-YL]AMINO]-2-[(E)-2-[4-[[4-ANILINO-6-[BIS(2-HYDROXYETHYL)AMINO]-1,3,5-TRIAZIN-2-YL]AMINO]-2-SULFONATOPHENYL]ETHENYL]BENZENESULFONATE",4193-55-9
DISODIUM;CARBONATE,68855-54-9
"DISODIUM;NAPHTHALENE-2,7-DISULFONATE",1655-35-2
DISODIUM;SULFATE,68081-98-1
DISTEAROYLETHYL DIMONIUM CHLORIDE,67846-68-8
"DISTILLATES (PETROLEUM), HYDROTREATED HEAVY NAPHTHENIC",64742-52-5
DITALLOWDIMONIUM CHLORIDE,68783-78-8
DM HYDANTOIN,77-71-4
DMDM HYDANTOIN,6440-58-0
DODECYLBENZENE,123-01-3
DODECYLBENZENE SULFONIC ACID,85536-14-7
DODECYLBENZENE SULFONIC ACID,27176-87-0
DODOXYNOL,9014-92-0
ECO REACH GOLDEN YELLOW LIQUID DYE #D20052,NA
EDTA,60-00-4
ELETTARIA CARDAMOMUM SEED OIL,8000-66-6
EQUISETUM ARVENSE EXTRACT,71011-23-9
"ETHANAMINIUM, 2-HYDROXY-N,N,N-TRIMETHYL-, CHLORIDE (1:1)",67-48-1
"ETHANAMINIUM, 2-HYDROXY-N,N-BIS(2-HYDROXYETHYL)-N-METHYL-, ESTERS WITH C16-18 AND C18-UNSATD. FATTY ACIDS, ME SULFATES (SALTS)",157905-74-3
"ETHANOL, 2,2'-IMINOBIS-, N-TALLOW ALKYL DERIVS., ACETATES (SALTS)",61791-45-5
"ETHANOL, 2-AMINO-, COMPDS. WITH POLYETHYLENE GLYCOL HYDROGEN SULFATE C12-15-ALKYL ETHERS",162201-45-8
ETHANOLAMINE,141-43-5
ETHENYL ACETATE;OXIRANE,25820-49-9
ETHENYLPRIDINE-N-OXIDE HOMOPOLYMER,NA
ETHOXYDIGLYCOL,111-90-0
ETHYL BETA-NAPHTHYL ETHER,93-18-5
ETHYL BUTYRATE,105-54-4
ETHYL GLYCERIN ACETAL LEVULINATE,902272-78-0
ETHYL HEPTANOATE,106-30-9
ETHYL LINALOOL,10339-55-6
ETHYL METHYLPHENYLGLYCIDATE,77-83-8
ETHYL PG-ACETAL LEVULINATE,5413-49-0
ETHYLACETOACETATE ETHYLENE GLYCOL KETAL,1648615
ETHYLENE BRASSYLATE,105-95-3
ETHYLHEXYL STEARATE,22047-49-0
ETHYLHEXYLGLUCOSIDE,125590-74-1
ETHYLHEXYLGLYCERIN,70445-33-9
ETIDRONIC ACID,2809-21-4
EUCALYPTUS DIVES LEAF/TWIG OIL,90028-48-1
EUCALYPTUS DIVES LEAF/TWIG OIL,90045-43-5
EUCALYPTUS GLOBULUS LEAF OIL,8000-48-4
EUGENIA CARYOPHYLLUS FLOWER OIL,8000-34-8
EUGENOL,97-53-0
FABRICS AND FIBERS,NA
"FATTY ACIDS, C12-20, REACTION PRODUCTS WITH TRIETHANOLAMINE, DI-ME SULFATE-QUATERNIZED",91032-11-0
"FATTY ACIDS, C14-18 AND C16-18-UNSATD., SODIUM SALTS",67701-11-5
"FATTY ACIDS, C16-18",67701-03-5
"FATTY ACIDS, C16-18 AND C18-UNSATD., ESTERS WITH POLYETHYLENE GLYCOL MONO-ME ETHER",518299-31-5
"FATTY ACIDS, C8-18 AND C18-UNSATURATED SODIUM SALTS",67701-10-4
"FATTY ACIDS, SOYA, ESTERS WITH POLYETHYLENE GLYCOL MONO-ME ETHER",864529-51-1
FELDSPAR,68476-25-5
FLUORESCENT BRIGHTENER 28,4404-43-7
FLUORESCENT BRIGHTENER 71,16090-02-1
FORMIC ACID,64-18-6
FRAGRANCE R09-3050,NA
FUMARIC ACID,110-17-8
GAMMA-DECALACTONE,706-14-9
GAMMA-UNDECALACTONE,104-67-6
GELLAN GUM,71010-52-1
GERANIOL,106-24-1
GERANYL ACETATE,105-87-3
GLUCONASE,NA
GLUCONIC ACID,526-95-4
GLUTARAL,111-30-8
GLYCERETH-8,31694-55-0
GLYCERIN,56-81-5
GLYCEROL FORMAL,4740-78-7
GLYCOL DISTEARATE,627-83-8
GLYCOL STEARATE,111-60-4
GLYCOLIC ACID,79-14-1
GLYOXAL,107-22-2
GOSSYPIUM HIRSUTUM EXTRACT,8001-29-4
HELIOTROPINE,120-57-0
"HEPTADECANOL, HYDROGEN SULFATE, BRANCHED, SODIUM SALT",343978-15-4
"HEXADECANOL, HYDROGEN SULFATE, BRANCHED, SODIUM SALT",343978-24-5
HEXAHYDRO-METHANOINDENYL PROPIONATE,68912-13-0
HEXYL CINNAMAL,101-86-0
HEXYL SALICYLATE,6259-76-3
HEXYLENE GLYCOL,107-41-5
HEXYLOXYETHANOL,112-25-4
HYDRATED SILICA,63231-67-4
HYDRATED SILICA,112926-00-8
"HYDROCARBONS, C16-20, N-ALKANES, ISOALKANES, CYCLICS, <2% AROMATICS",64742-47-7
HYDROCHLORIC ACID,7647-01-0
HYDROGEN PEROXIDE,7722-84-1
HYDROGENATED CASTOR OIL,8001-78-3
HYDROGENATED PALMITIC/STEARIC/OLEIC/LINOLEIC GLYCERIDES,67701-30-8
HYDROGENATED SAFFLOWER SEED OIL,8001-23-8
HYDROGENATED TALLOW,2239276
HYDROXY(OXO)ALUMANE,24623-77-6
HYDROXYETHYLCELLULOSE,9004-62-0
HYDROXYISOHEXYL 3-CYCLOHEXENE CARBOXALDEHYDE,31906-04-4
HYDROXYPROPYL METHYLCELLULOSE,9004-65-3
HYDROXYSTEARIC ACID,106-14-9
HYDROXYSTEARIC ACID,1330-70-7
HYDROZINCITE (ZN5(CO3)2(OH)6),12122-17-7
ILLICIUM VERUM FRUIT/SEED OIL,8007-70-3
"IMIDAZOLIUM COMPOUNDS, 1-[2-(2-CARBOXYETHOXY)ETHYL]-1(OR 3)-(2-CARBOXYETHYL)-4,5-DIHYDRO-2-NORCOCO ALKYL, HYDROXIDES, DISODIUM SALTS",NA
IODOPROPYNYL BUTYLCARBAMATE,55406-53-6
ISOAMYL ALLYLGLYCOLATE,67634-00-8
ISOBUTANE,75-28-5
ISOPROPANOLAMINE,78-96-6
ISOPROPYL ALCOHOL,67-63-0
ISOPROPYLAMINE DODECYLBENZENESULFONATE,26264-05-1
ISOTRIDECANOL ETHOXYLATED 9EO,9043-30-5
JASMINUM OFFICINALE OIL,8022-96-6
JUNIPERUS MEXICANA OIL,68990-83-0
JUNIPERUS VIRGINIANA OIL,8000-27-9
KAOLIN / HALLOYSITE,1332-58-7
KATHON,NA
LACTIC ACID,50-21-5
LACTIC ACID,79-33-4
LAURALKONIUM CHLORIDE,139-07-1
LAURAMIDE MEA,142-78-9
LAURAMIDOPROPYL BETAINE,873943
LAURAMIDOPROPYL DIMETHYLAMINE,3179-80-4
LAURAMIDOPROPYLAMINE OXIDE,61792-31-2
LAURAMINE OXIDE,70592-80-2
LAURAMINE OXIDE,1643-20-5
LAURETH-10,68002-97-1
LAURETH-10,9002-92-0
LAURETH-10,6540-99-4
LAURETH-4,5274-68-0
LAURETH-7,3055-97-8
LAURETH-9,3055-99-0
LAURTRIMONIUM CHLORIDE,112-00-5
LAURYL ALCOHOL,112-53-8
LAURYL PYRROLIDONE,2687-96-9
LAURYL/MYRISTYL ALCOHOL,67762-41-8
LAVANDULA ANGUSTIFOLIA OIL,8000-28-0
LAVANDULA HYBRIDA OIL,8022-15-9
LIMONENE,138-86-3
LINALOOL,78-70-6
LINALYL ACETATE,115-95-7
LINIAL,NA
LINOLEIC ACID,60-33-3
LIPASE,9001-62-1
LIQUITING BLUE HP DYE,NA
LIQUITINT AQUAMARINE,NA
LIQUITINT BLUE,NA
LIQUITINT BLUE NB,NA
LIQUITINT BRIGHT BRILLIANT ORANGE,NA
LIQUITINT BRIGHT YELLOW,NA
LIQUITINT BRILLIANT ORANGE,NA
LIQUITINT BROWN,NA
LIQUITINT GREEN,NA
LIQUITINT GREEN GG,NA
LIQUITINT LAVENDER DYE,NA
LIQUITINT ORANGE,NA
LIQUITINT PATENT BLUE,NA
LIQUITINT PINK,NA
LIQUITINT PINK AL,NA
LIQUITINT PURPLE,NA
LIQUITINT RED,NA
LIQUITINT RED ST,NA
LIQUITINT ROYAL BLUE,162874-58-0
LIQUITINT SKY BLUE,NA
LIQUITINT TEAL,NA
LIQUITINT VIOLET,NA
LIQUITINT VIOLET FL,NA
LIQUITINT YELLOW,NA
LIQUITINT YELLOW 242,NA
LIQUITINT YELLOW LP,NA
LITHIUM MAGNESIUM SODIUM SILICATE,53320-86-8
LITSEA CUBEBA FRUIT OIL,68855-99-2
LONICERA JAPONICA LEAF EXTRACT / LONICERA JAPONICA FLOWER EXTRACT,223749-79-9
MAGNESIUM ALUMINUM SILICATE,12511-31-8
MAGNESIUM CHLORIDE,7786-30-3
MAGNESIUM CHLORIDE,7791-18-6
MAGNESIUM HYDROXIDE,1309-42-8
MAGNESIUM ISODODECYLBENZENESULFONATE,27479-45-4
MAGNESIUM STEARATE,557-04-0
MAGNESIUM SULFATE,7487-88-9
MALEIC ACID,110-16-7
MALIC ACID,617-48-1
MANGANESE;OXALIC ACID;DIHYDRATE,6556-16-7
MANGIFERA INDICA FRUIT EXTRACT,90063-86-8
MANNANASE ENZYME,37288-54-3
MEA-BORATE,10377-81-8
MELALEUCA QUINQUENERVIA OIL,8022-72-8
MENTHA PIPERITA OIL,8006-90-4
MENTHA VIRIDIS LEAF OIL,8008-79-5
METHENAMINE,100-97-0
METHOXYISOPROPANOL,107-98-2
METHOXYMETHYLBUTANOL,56539-66-3
METHYL ALCOHOL,67-56-1
METHYL ALPHA-IONONE ISOMERS,1335-46-2
METHYL CINNAMATE,103-26-4
METHYL PYRROLIDONE,872-50-4
METHYL SALICYLATE,119-36-8
METHYLCHLOROISOTHIAZOLINONE,26172-55-4
METHYLDIHYDROJASMONATE,24851-98-7
METHYLENEDIOXYPHENYL METHYLPROPANAL,1205-17-0
METHYLISOTHIAZOLINONE,2682-20-4
METHYLUNDECANAL,110-41-8
MILLIKEN LIQUITINT ROYAL MC,NA
MILLIKEN LIQUITINT VIOLET LS,NA
MIRAPOL SURF S-210,NA
MIRAPOL SURF S-300,NA
MONTMORILLONITE,1318-93-0
MORPHOLINE,110-91-8
MYRETH-4,27306-79-2
MYRISTALKONIUM CHLORIDE,139-08-2
MYRISTAMIDOPROPYLAMINE OXIDE,67806-10-4
MYRISTAMINE OXIDE,3332-27-2
MYRISTICA FRAGRANS KERNEL OIL,8008-45-5
MYRISTICA FRAGRANS KERNEL OIL,2230874
"N-(4-CHLORO-2,5-DIMETHOXYPHENYL)-2-[[2,5-DIMETHOXY-4-(PHENYLSULFAMOYL)PHENYL]DIAZENYL]-3-OXOBUTANAMIDE",12225-18-2
N-VINYL PYRROLIDONE,88-12-0
"NAPHTHALENESULFONIC ACID, BUTYL-, SODIUM SALT (1:1)",25638-17-9
NEPHELINE SYENITE,37244-96-5
NEROL,106-25-2
NITRIC ACID,7697-37-2
NITROGEN,7727-37-9
NONOXYNOL,9016-45-9
OCIMUM TENUIFLORUM OIL,8015-73-4
OCTYLISOTHIAZOLINONE,26530-20-1
OCTYLPHOSPHONIC ACID,4724-48-5
"OILS, BLACK PEPPER",8006-82-4
"OILS, BUCHU",68650-46-4
"OILS, CONVOLVULUS",8022-18-2
"OILS, FIR",8021-28-1
"OILS, SIBERIAN FIR",8021-29-2
OLEA EUROPAEA LEAF OIL / OLEA EUROPAEA FRUIT OIL,8001-25-0
OLEIC ACID,2027-47-6
OLEIC ACID,112-80-1
OPTIBLANC 2MG,NA
OPTIBLANC NL,NA
ORIGANUM VULGARE EXTRACT,84012-24-8
OXALIC ACID;DIHYDRATE,6153-56-6
OXIDIZED POLYETHYLENE,68441-17-8
"OXIRANE, 2-METHYL-, POLYMER WITH OXIRANE, MONODECYL ETHER",37251-67-5
P-CYMENE,99-87-6
PALM ACID,68440-15-3
PALM KERNEL ACID,101403-98-9
PALM KERNELAMIDE DEA,73807-15-5
PALMITAMINE OXIDE,7128-91-8
PALMITIC ACID,57-10-3
"PARAFFIN WAXES (PETROLEUM), CLAY-TREATED, REACTION PRODUCTS WITH PETROLEUM WHITE MINERAL OIL, STEARIC ACID AND TRIETHANOLAMINE",71808-29-2
PARAFFINUM LIQUIDUM,8042-47-5
PARAFFINUM LIQUIDUM,8012-95-1
PEG,25322-68-3
PEG CASTOR OIL,61791-12-6
PEG COCOATE,61791-29-5
PEG DISTEARATE,2595268
PEG HYDROGENATED CASTOR OIL,61788-85-0
PEG HYDROGENATED TALLOW AMINE,61791-26-2
PEG METHYL ETHER / METHOXY PEG,9004-74-4
PEG SORBITAN LAURATE,9005-64-5
PEG SORBITAN OLEATE,9005-65-6
PEG STEARATE,9004-99-3
PEG-15 COCOMONIUM CHLORIDE,61791-10-4
PEG-5 DEDM HYDANTOIN / PEG-15 DEDM HYDANTOIN,68130-12-1
PEG-8,5117-19-1
PEG/PPG COPOLYMER / MEROXAPOL / POLAXAMER,2594628
PEG/PPG PROPYLHEPTYL ETHER,166736-08-9
PEI,9002-98-6
PEI-14 PEG-10/PPG-7 COPOLYMER / PEI-14 PEG-24/PPG-16 COPOLYMER,52501-07-2
PELARGONIUM GRAVEOLENS FLOWER OIL,8000-46-2
PENTAMETHYLHEPTENONE,81786-74-5
PENTASODIUM PENTETATE,140-01-2
PENTASODIUM TRIPHOSPHATE,7758-29-4
PENTETIC ACID,67-43-6
PERILLA FRUTESCENS EXTRACT,90082-61-4
PETROLEUM DISTILLATES,2228840
PETROLEUM SPIRITS,64475-85-0
PHENOXYETHANOL,122-99-6
PHENOXYETHYL ISOBUTYRATE,103-60-6
PHENOXYISOPROPANOL,770-35-4
"PHOSPHONIC ACID, P,P'-(1-HYDROXYETHYLIDENE)BIS-, SODIUM SALT (1:?)",29329-71-3
"PHOSPHONIC ACID, SODIUM SALT (1:2)",13708-85-5
PHOSPHONOBUTANETRICARBOXYLIC ACID,37971-36-1
PHOSPHORIC ACID,7664-38-2
PICEA MARIANA BRANCH/LEAF OIL,91722-19-9
PIGMENT BLUE 15:1 / CI 74160,147-14-8
PINENE,80-56-8
PINUS PALUSTRIS OIL,2228957
PINUS SYLVESTRIS LEAF OIL,8023-99-2
POGOSTEMON CABLIN LEAF OIL,2233340
POLOXAMER 81,NA
"POLY(OXY-1,2-ETHANEDIYL), .ALPHA.-HYDRO-.OMEGA.-HYDROXY-, MONO-C8-10-ALKYL ETHERS, ETHERS WITH 1,2-DODECANEDIOL (1:1)",501019-91-6
"POLY(OXY-1,2-ETHANEDIYL), .ALPHA.-ISODECYL-.OMEGA.-HYDROXY-",61827-42-7
"POLY(OXY-1,2-ETHANEDIYL), .ALPHA.-SULFO-.OMEGA.-HYDROXY-, C12-18-ALKYL ETHERS, SODIUM SALTS",68081-91-4
"POLY(OXY-1,2-ETHANEDIYL), .ALPHA.-SULFO-.OMEGA.-HYDROXY-, C16-18-ALKYL ETHERS, SODIUM SALTS",68585-40-0
"POLY[OXY(METHYL-1,2-ETHANEDIYL)], .ALPHA.-HYDRO-.OMEGA.-(2-AMINOMETHYLETHOXY)-, ETHER WITH 2-ETHYL-2-(HYDROXYMETHYL)-1,3-PROPANEDIOL (3:1)",39423-51-3
POLYACRYLIC ACID,2594322
"POLYACRYLIC ACID, SODIUM BISULFITE TERMINATED",68479-09-4
POLYAMINOPROPYL BIGUANIDE,27083-27-8
POLYBUTENE,9003-28-5
POLYBUTENE,9003-29-6
POLYESTER 5,NA
POLYETHYLENE,9002-88-4
POLYETHYLENE GLYCOL BUTYL ETHER,9004-77-7
POLYETHYLENE TEREPHTHALATE,25038-59-9
POLYETHYLENEIMINE ETHOXYLATE PROPOXYLATE,NA
POLYGALACTURONASE,9032-75-1
POLYGLYCERYL-6 OLEATE,9007-48-1
POLYOXYMETHYLENE MELAMINE / OXYMETHYLENE/MELAMINE COPOLYMER,2594531
POLYPROPYLENE GLYCOL POLYOXOALKYLENE,NA
POLYQUART AMPHO149,NA
POLYQUARTERNIUM 95,NA
POLYQUATERNIUM-10,68610-92-4
POLYQUATERNIUM-5,26006-22-4
POLYQUATERNIUM-6,26062-79-3
POLYQUATERNIUM-7,26590-05-6
POLYSTYRENE,9003-53-6
POLYURETHANE FOAM,9009-54-5
POLYVINYL ALCOHOL,9002-89-5
POLYVINYL ALCOHOL,25213-24-5
POTASSIUM CARBONATE,584-08-7
POTASSIUM CHLORIDE,7447-40-7
POTASSIUM CITRATE,866-84-2
POTASSIUM COCOATE,61789-30-8
POTASSIUM CORNATE,61789-23-9
POTASSIUM HYDROXIDE,1310-58-3
POTASSIUM IODIDE,7681-11-0
POTASSIUM LAURATE,10124-65-9
POTASSIUM OLEATE,143-18-0
POTASSIUM PALMITATE,2624-31-9
POTASSIUM PHOSPHATE,7778-77-0
POTASSIUM SORBATE,24634-61-5
POTASSIUM STEARATE,593-29-3
PPG,25322-69-4
PPG BUTETH,9038-95-3
PPG BUTYL ETHER,9003-13-8
PPG-2 METHYL ETHER,34590-94-8
PPG-2 METHYL ETHER,13429-07-7
PPG-2 PROPYL ETHER,29911-27-1
PPG-2-ISODECETH,155683-77-5
PPG-4 LAURETH-5 / PPG-5-LAURETH-5 / PPG-4 LAURETH-2,68439-51-0
PPG-4 LAURETH/MYRETH-5,NA
PPG-4-LAURETH-8,NA
PPG-6 C12-15 PARETH-12,68551-13-3
PPG-70 BIS-(2-AMINOPROPYL) ETHER,9046-10-0
PROP-2-ENOIC ACID;PROP-1-EN-2-YLBENZENE;STYRENE,52831-04-6
PROPANAMINIUM PROPANAMIDE,NA
PROPANE,74-98-6
PROPANEDIOL,504-63-2
PROPYLENE GLYCOL,57-55-6
PROPYLENE GLYCOL ALGINATE,9005-37-2
PROPYLENE GLYCOL BUTYL ETHER,5131-66-8
PROPYLENE GLYCOL PROPYL ETHER,1569-01-3
PROPYLHEPTANOL ETHOXYLATE,NA
PROTEASE,9001-92-7
PRUNUS AMYGDALUS DULCIS OIL,8007-69-0
PUMICE,1332-09-8
PYLAKLOR LIQ. TURQUOISE BLUE S-732,NA
PYRUS COMMUNIS FRUIT EXTRACT,90082-43-2
QUARTZ,14808-60-7
"QUATERNARY AMMONIUM COMPOUNDS, BENZYL-C16-18-ALKYLDIMETHYL, CHLORIDES",68607-20-5
QUATERNARY COCO ALKYL METHYL AMINE ETHOXYLATE METHYL CHLORIDE,863679-20-3
QUATERNIUM-15,4080-31-3
QUATERNIUM-18 METHOSULFATE,61789-81-9
QUATERNIUM-24,32426-11-2
QUATERNIUM-27,68122-86-1
QUATERNIUM-53,68410-69-5
QUILLAJA SAPONARIA BARK EXTRACT / QUILLAJA SAPONARIA ROOT EXTRACT / QUILLAJA SAPONARIA WOOD EXTRACT,68990-67-0
RAPHANUS SATIVUS LEAF EXTRACT / RAPHANUS SATIVUS ROOT EXTRACT / RAPHANUS SATIVUS SEED EXTRACT / RAPHANUS SATIVUS SPROUT EXTRACT,84775-94-0
RAYON,61788-77-0
"RESIN ACIDS AND ROSIN ACIDS, MALEATED, ESTERS WITH GLYCEROL ",94581-16-5
RICINUS COMMUNIS SEED OIL,8001-79-4
ROSE FLOWER OIL,8007-01-0
ROSMARINUS OFFICINALIS LEAF OIL,8000-25-7
SACCHAROMYCES FERMENT,NA
SALVIA OFFICINALIS OIL,8022-56-8
SALVIA SCLAREA OIL,8016-63-5
SANTALUM ALBUM OIL,8006-87-9
SEA SALT / SODIUM CHLORIDE,7647-14-5
SILICA,7631-86-9
SILICA,60676-86-0
SILICA DIMETHYL SILYLATE,68611-44-9
SILICATE,12627-13-3
"SILOXANES AND SILICONES, DI-ME, ME PH",63148-52-7
SIMETHICONE,8050-81-5
SIMMONDSIA CHINENSIS SEED EXTRACT / SIMMONDSIA CHINENSIS LEAF EXTRACT,90045-98-0
SMITHSONITE,3486-35-9
SODIUM ACETATE,127-09-3
SODIUM ACRYLIC ACID/MA COPOLYMER,52255-49-9
SODIUM ALKYL ARYL ETHER SULFATE,55348-40-8
SODIUM BENZOATE,532-32-1
SODIUM BENZOTRIAZOLYL BUTYLPHENOL SULFONATE,92484-48-5
SODIUM BICARBONATE,144-55-8
SODIUM BISULFATE,7681-38-1
SODIUM BISULFITE,7631-90-5
SODIUM BORATE,1303-96-4
SODIUM BORATE,1330-43-4
SODIUM BORATE,12179-04-3
SODIUM C10-13 ALKYL BENZENESULFONATE,68411-30-3
SODIUM C10-16 ALKYLBENZENESULFONATE,68081-81-2
SODIUM C10-16 PARETH-2 SULFATE,68585-34-2
SODIUM C14-16 OLEFIN SULFONATE,68439-57-6
SODIUM CAPRYLYL SULFONATE,5324-84-5
SODIUM CARBONATE,497-19-8
SODIUM CARBONATE PEROXIDE,3313-92-6
SODIUM CARBONATE PEROXIDE,15630-89-4
SODIUM CARBOXYMETHYL INULIN,430439-54-6
SODIUM CARBOXYMETHYL STARCH,9063-38-1
SODIUM CHLORATE,2146053
SODIUM CITRATE,994-36-5
SODIUM CITRATE,1545801
SODIUM CITRATE,68-04-2
SODIUM COCETH-30 SULFATE,68891-38-3
SODIUM COCO-SULFATE,97375-27-4
SODIUM COCOATE,61789-31-9
SODIUM CUMENESULFONATE,32073-22-6
SODIUM CUMENESULFONATE,28348-53-0
SODIUM DICHLOROISOCYANURATE,51580-86-0
SODIUM DICHLOROISOCYANURATE,2893-78-9
SODIUM DOCHLOROISOCYANURATE DIHYDRATE,51580-85-0
SODIUM DODECYLBENZENESULFONATE,25155-30-0
SODIUM ETHYLHEXYL AMINE PROPIONATE,NA
SODIUM FLUOROSILICATE,16893-85-9
SODIUM FORMATE,141-53-7
SODIUM GLUCONATE,527-07-1
SODIUM GLYCOLATE,2836-32-0
SODIUM HEXYLDIPHENYL ETHER SULFONATE,147732-60-3
SODIUM HYDROXIDE,1310-73-2
SODIUM HYPOCHLORITE,7681-52-9
SODIUM LACTATE,72-17-3
SODIUM LACTATE,867-56-1
SODIUM LAURATE,629-25-4
SODIUM LAURETH SULFATE,9004-82-4
SODIUM LAURETH SULFATE,3088-31-1
SODIUM LAURIMINODIPROPIONATE,14960-06-6
SODIUM LAUROYL SARCOSINATE,137-16-6
SODIUM LAURYL SULFATE,151-21-3
SODIUM LAURYL SULFATE,73296-89-6
SODIUM LAURYL SULFATE,68585-47-7
SODIUM METABISULFITE,7681-57-4
SODIUM METASILICATE,6834-92-0
SODIUM METHYL 2-SULFOLAURATE,149458-07-1
SODIUM METHYL 2-SULFOLAURATE / SODIUM METHYL LAURATE SULFONATE,4016-21-1
SODIUM METHYL PALMITATE SULFONATE,4016-24-4
SODIUM METHYLACRYLATE/STYRENE COPOLYMER,NA
SODIUM METHYLNAPHTHALENESULFONATE,26264-58-4
SODIUM MOLYBDATE,7631-95-0
SODIUM MYRISTATE,822-12-8
SODIUM NITRATE,7631-99-4
SODIUM NITRITE,7632-00-0
SODIUM OCTYL SULFATE,142-31-4
SODIUM OLEATE,143-19-1
SODIUM PALM KERNELATE,61789-89-7
SODIUM PALMATE,61790-79-2
SODIUM PALMITATE,408-35-5
SODIUM PERBORATE,2093666
SODIUM PHENYLNONANOATE SULFONATE,91125-43-8
SODIUM POLYACRYLATE,2594415
SODIUM POLYACRYLATE,25549-84-2
SODIUM POLYASPARTATE,94525-01-6
SODIUM POLYMETHACRYLATE,25086-62-8
SODIUM SARCOSINATE,4316-73-8
SODIUM SECONDARY C13-18 ALKYL SULFONATE,68037-49-0
SODIUM SESQUICARBONATE,533-96-0
SODIUM SILICATE,1344-09-8
SODIUM SILICATE PENTAHYDRATE,10213-79-3
SODIUM SILICOALUMINATE,1344-00-9
SODIUM STARCH OCTENYLSUCCINATE,52906-93-1
SODIUM STEARATE,822-16-2
SODIUM SULFAMATE,13845-18-6
SODIUM SULFATE,7757-82-6
SODIUM SULFITE,7757-83-7
SODIUM TALLATE,61790-45-2
SODIUM TALLOWATE,8052-48-0
SODIUM TRIMETHYLPENTENE/MA COPOLYMER / SODIUM MA/DIISOBUTYLENE COPOLYMER,37199-81-8
SODIUM XYLENESULFONATE,1300-72-7
SODIUM;2-[2-[2-[BIS(CARBOXYMETHYL)AMINO]ETHYL-(CARBOXYMETHYL)AMINO]ETHYL-(CARBOXYMETHYL)AMINO]ACETATE,7578-43-0
SODIUM;2-AMINO-4-HYDROXY-4-OXOBUTANOATE,34345-47-6
SODIUM;4-DODECAN-3-YLBENZENESULFONATE,90194-45-9
SODIUM;4-DODECAN-6-YLBENZENESULFONATE,2212-52-4
SODIUM;4-NONANOYLOXYBENZENESULFONATE,89740-11-4
SODIUM;BENZENESULFONATE,515-42-4
"SODIUM;FORMALDEHYDE;HYDROGEN SULFITE;1,3,5-TRIAZINE-2,4,6-TRIAMINE",64787-97-9
SODIUM;N-CHLOROSULFAMATE,13637-90-6
SODIUM;OXIDO(OXO)BORANE,7775-19-1
SOLVENT GREEN 28,71839-01-5
"SOLVENT NAPHTHA (PETROLEUM), HEAVY ALIPH.",64742-96-7
SOLVENT YELLOW 114,7576-65-0
SORBITAN LAURATE,1338-39-2
SORBITAN OLEATE,1338-43-8
SORBITOL,50-70-4
SOY FATTY ACID,67701-08-0
SOY METHYL ESTERS,67784-80-9
STARCH,9005-25-8
"STARCH, 2-[N,N-BIS(2-CARBOXYETHYL)AMINO]ETHYL ETHER (9CI)",169105-05-9
"STARCH, ACID-HYDROLYZED",65996-63-6
STEARAMIDE,124-26-5
STEARAMIDE MEA,111-57-9
STEARETH-5,9005-00-9
STEARIC ACID,57-11-4
"STEEL MANUFACTURE, CHEMICALS",65997-19-5
STODDARD SOLVENT,8052-41-3
STYRENE/ACRYLAMIDE COPOLYMER,24981-13-3
STYRENE/ACRYLATES COPOLYMER,25034-86-0
STYRENE/ACRYLATES COPOLYMER,25085-34-1
STYRENE/ACRYLATES COPOLYMER,9010-92-8
STYRENE/BUTADIENE COPOLYMER,9003-55-8
STYRENE/MA COPOLYMER,9011-13-6
SUBTILISIN,2598337
SUCROSE,57-50-1
SULFAMIC ACID,5329-14-6
SULFATED ETHOXYLATED HEXAMETHYLENEDIAMINE QUATERNIZED,NA
"SULFONIC ACIDS, C13-17-SEC-ALKANE, SODIUM SALTS",85711-69-9
"SULFONIC ACIDS, PETROLEUM, SODIUM SALTS",68608-26-4
SULFURIC ACID,7664-93-9
"SULFURIC ACID, DIMETHYL ESTER, COMPD. WITH .ALPHA.,.ALPHA.',.ALPHA.'',.ALPHA.'''-[1,6-HEXANEDIYLBIS(NITRILODI-2,1-ETHANEDIYL)]TETRAKIS[.OMEGA.-HYDROXYPOLY(OXY-1,2-ETHANEDIYL)]",247074-09-5
SYNTHETIC WAX,8002-74-2
TAED,10543-57-4
TALC,14807-96-6
TALL OIL ACID,61790-12-3
TALLOW ACID,61790-37-2
TALLOW FATTY ACID,67701-06-8
TANGERINE,NA
TARTARIC ACID,87-69-4
TAURUS 134,NA
TEA-OLEATE,2717-15-9
TERGITOL (EO/PO CO-POLYMER),NA
TERPENE HYDROCARBONS,68956-56-9
TERPENES AND TERPENOIDS,65996-98-7
"TERPENES AND TERPENOIDS, MIXED SOUR AND SWEET ORANGE-OIL",68917-57-7
TERPINEOL,8000-41-7
TERPINOLENE,586-62-9
TETRABUTYL ETHYLIDENEBISPHENOL,35958-30-6
TETRADECENE,1120-36-1
TETRAHYDRO-METHYL-METHYLPROPYL)-PYRAN-4-OL,63500-71-0
TETRAHYDRO-METHYL-PHENYL-PYRAN,94201-73-7
TETRAHYDROLINALOOL,78-69-3
TETRAMETHYL ACETYLOCTAHYDRONAPHTHALENES,54464-57-2
TETRAPOTASSIUM EDTA,5964-35-2
TETRASODIUM EDTA,64-02-8
TETRASODIUM ETHYLENEDIAMINETETRAACETATE HYDRATE,13235-36-4
TETRASODIUM ETIDRONATE,3794-83-0
TETRASODIUM GLUTAMATE DIACETATE,51981-21-6
TETRASODIUM IMINODISUCCINATE,144538-83-0
THUJA OCCIDENTALIS LEAF OIL,8007-20-3
THYMOL,89-83-8
THYMUS VULGARIS FLOWER/LEAF OIL,8007-46-3
TITANIUM DIOXIDE,13463-67-7
TOCOPHERYL ACETATE,58-95-7
TOCOPHERYL ACETATE,7695-91-2
TOLYLTRIAZOL,29385-43-1
TRIBUTOXYETHYL PHOSPHATE,78-51-3
TRIBUTYL CITRATE,77-94-1
TRICLOCARBAN,101-20-2
TRICLOSAN,3380-34-5
TRIDECETH,24938-91-8
TRIDECETH-3,69011-36-5
TRIDECYL STEARATE,31556-45-3
TRIDECYL TRIMELLITATE,70225-05-7
TRIETHANOLAMINE,102-71-6
TRIETHYL CITRATE,77-93-0
TRIETHYLAMINE,121-44-8
TRIETHYLENE GLYCOL,112-27-6
TRIETHYLENE GLYCOL BUTYL ETHER,143-22-6
TRIETHYLENE GLYCOL DIAMINE,929-59-9
"TRIMETHYL-1,3-PENTANEDIOL",144-19-4
TRIMETHYLCYCLOPENTENYL DIMETHYLISOPENTENOL,107898-54-4
TRIMETHYLOLPROPANE,77-99-6
TRISODIUM DICARBOXYMETHYL ALANINATE,164462-16-2
TRISODIUM ETHYLENEDIAMINE DISUCCINATE,178949-82-1
TRISODIUM ETHYLENEDIAMINE DISUCCINATE,20846-91-7
TRISODIUM HEDTA,139-89-9
ULTRAMARINES,57455-37-5
UNDECETH-40,127036-24-2
UNDECETH-5,34398-01-1
UNDECYLBENZENE,67774-74-7
UREA,57-13-6
"UREA, N,N'-BIS[3-(DIMETHYLAMINO)PROPYL]-, POLYMER WITH 1,1'-OXYBIS[2-CHLOROETHANE]",68555-36-2
VANILLIN,121-33-5
VEGETABLE OIL / OLUS OIL,68956-68-3
VERSATINT RED II,NA
VETIVERIA ZIZANOIDES ROOT OIL,8016-96-4
VIDET EGM,NA
VIOBRITE 5 BM,NA
WHOLE CUT FATTY ACID,67701-05-7
XANTHAN GUM,11138-66-2
ZEOLITE,1318-02-1
"ZEOLITES, NAA",68989-22-0
ZINC ACETATE,5970-45-6
ZINC CHLORIDE,7646-85-7
ZINC OXIDE,1314-13-2
ZINC RICINOLEATE,13040-19-2
ZINC STEARATE,557-05-1
ZINC SULFATE,7446-20-0
ZINC SULFATE,13986-24-8
ZINGIBER OFFICINALE ROOT OIL,2230756
ZONYL FSH,NA