ingredient,cas_number
BUTYLATED HYDROXYTOLUENE (BHT),0
BUTYLPHENYL METHYLPROPIONAL,0
C.I. 21108,0
C.I. 50415B,0
C.I. 77266,0
C11-15 PARETH-7,0
C11-15 SEC-PARETH-12,0
C14-15 ALCOHOLS,0
C14-15 PARETH-20,0
C9-11 ALKYL GLUCOSIDE,0
C9-11 PARETH-6,0
C9-11 PARETH-8,0
CALCIUM CARBONATE,0
CAMPHOR,0
CANOLA-BASED CATIONIC SURFACTANT SYSTEM,0
CARNAUBA WAX,0
CARRAGEENAN,0
CATIONIC POLYMER,Not Available
CAUSTIC SODA (CAS #1310-73-2),0
CELLULOSE,0
CHELATING AGENT,0
CHELATING AGENTS,0
CHELATOR,0
CI PIGMENT BLUE 15,0
CI PIGMENT RED 146,0
CIBA TINUVIN 5050,0
CIBA TINUVIN 5060,0
CINNAMOMUM CAMPHORA (CAMPHOR) BARK OIL,0
CITRAL (CAS# 5392-40-5),0
CITRIC ACID (CAS# 77-92-9),0
CITRIC ACID (CAS#77-92-9),0
CITRONELLOL (CAS# 106-22-9),0
CITRUS AURANTIUM DULCIS (ORANGE) PEEL OIL,0
CITRUS GRANDIS (GRAPEFRUIT) FRUIT EXTRACT,0
CLARIANT SOLVAPERM BLUE 2B,0
CLARIANT SOLVAPERM ORANGE 3G,0
CLARIANT SOLVAPERM RED PFS,0
CLAY,Not Available
COLANYL BLUE B2G 131,0
COLANYL YELLOW G132,0
COLORANTS,Not Available
CONCENTRATED SURFACTANTS (NONIONIC AND ANIONIC) AND ENZYMES,0
CONTAINS ANIONIC AND/OR NONIONIC SURFACTANTS,0
CONTAINS BIODEGRADABLE ANIONIC AND/OR NONIONIC SURFACTANTS,0
CONTAINS BIODEGRADABLE FABRIC SOFTENING AGENTS (CATIONIC),0
CONTAINS FABRIC SOFTENING AGENTS (CATIONIC TYPES) AND PERFUME IN A NON-WOVEN SHEET,0
CONTAINS FABRIC SOFTENING AGENTS (CATIONIC TYPES) IN A NON-WOVEN SHEET,0
CONTAINS WATER,0
COUMARIN,0
CUCUMIS SATIVUS (CUCUMBER) FRUIT EXTRACT,0
CYCLODEXTRIN,Not Available
CYMBOPOGON NARDUS (CITRONELLA) OIL,0
D LIMONENE,0
DECYL GLUCOSIDE,0
DEODORIZED NAPHTHA,0
DIALKYL SODIUM SULFOSUCCINATE,Not Available
DIAMETER,0
DIAMMONIUM PHOSPHATE,0
DIDECYL DIMETHYL AMMONIUM CHLORIDE - 0.01995%,0
DIETHYLENE GLYCOL MONOETHYL ETHER,0
"DIETHYLENETRIAMINE PENTAACETATE, SODIUM SALT",Not Available
DIETHYLHEXYL SODIUM SULFOSUCCINATE,Not Available
DIHYDROGENATED TALLOWAMIDOETHYL HYDROXYETHYLMONIUM METHOSULFATE,0
DIMETHYL 9-DECENAMIDE,0
DIMETHYL 9-DECENENAMIDE,0
DIMETHYL BENZYL AMMONIUM CHLORIDE - 0.05320%,0
DIMETHYL OXAZOLIDINE,0
DIOCTYL DIMETHYL AMMONIUM CHLORIDE - 0.01995%,0
DIPALMETHYL HYDROXYETHYLAMMONIUM METHOSULFATE,Not Available
DIPROPYLENE GLYCOL (DPG),0
DISODIUM 2-SULFOLAURATE,0
DISODIUM COCOAMPHODIPROPIONATE,0
DISODIUM EDTA,0
DISPERSING AGENT,0
DMDM HYDANTOIN,0
DODECANOL,0
"DTPA, SODIUM SALT",Not Available
ECO REACH BLACK LIQUID DYE D20005,0
ECO REACH BLACK LIQUID DYE D20009,0
ECO REACH BLUE LIQUID DYE D20004,0
ECO REACH BROWN LIQUID DYE D20008,0
ECO REACH COBALT BLUE LIQUID DYE D9160,0
ECO REACH GOLDEN YELLOW LIQUID DYE D20052,0
ECO REACH GREEN LIQUID DYE D20006,0
ECO REACH MAGENTA LIQUID DYE D20010R,0
ECO REACH MAGENTA LIQUID DYE D22107,0
ECO REACH ORANGE LIQUID DYE D20009,0
ECO REACH RED LIQUID DYE D20002,0
ECO REACH SCARLET RED LIQUID DYE D22106,0
ECO REACH SEA GREEN LIQUID DYE D23311,0
ECO REACH YELLOW LIQUID DYE D20003,0
ECO REACH YELLOW LIQUID DYE LD 18604,0
ENZYMES,0
ETHANOL,0
ETHANOL AMINE,Not Available
ETHANOLAMINE,0
ETHOXYDIGLYCOL,0
ETHOXYLATED ALCOHOL,0
ETHYL CELLULOSE,0
ETHYLENE GLYCOL N-HEXYL ETHER,0
ETHYLENEDIAMINETETRAACETIC ACID,0
EUCALYPTUS GLOBULUS LEAF OIL,0
FATTY ACID SALTS,Not Available
"FATTY ACIDS, C12-18 AND C18-UNSATD, MEA SALT",Not Available
FCF BLACK LIQUID DYE #D1972,Not Available
FCF BLUE LIQUID DYE #D878,Not Available
FCF BROWN LIQUID DYE #D883,Not Available
FCF MAGENTA LIQUID DYE #D3000,Not Available
FCF RED LIQUID DYE #D858,Not Available
FCF RED LIQUID DYE #D858,Not Available
FCF YELLOW LIQUID #D3299,Not Available
FCF YELLOW LIQUID DYE #D3299,Not Available
FCF YELLOW LIQUID DYE #D858,Not Available
FRAGRANCE IN A NONWOVEN SHEET,0
GAMMA-UNDECALACTONE,0
GEMSPERSE VIOLET EP 23,0
GERANIOL (CAS# 106-24-1),0
GLUCONOLACTONE,0
GLUTARAL,0
GLUTARALDEHYDE,0
GLYCOL ETHER PNB (CAS# 5131-66-8),0
HELIOTROPINE,0
HEXAHYDRO-METHANOINDENYL PROPIONATE,0
HEXAMETHYLINDANOPYRAN,0
HEXYL ACETATE,0
HEXYL CINNAMAL,0
HEXYL SALICYLATE,0
HUMAN HEALTH,0
HYDROGENATED SOY OIL,0
HYDROXYETHYL CELLULOSE,0
HYDROXYPROPYL CYCLODEXTRIN,Not Available
HYDROXYPROPYL GUAR,0
IRON OXIDES,0
ISOALKANES,0
ISOBORNYL ACETATE,0
ISOPARAFFIN,0
ISOPROPANOLAMINE,0
ISOPROPYL ALCOHOL,0
ISOPROPYL MYRISTATE,0
ISOPROPYLAMINE DODECYLBENZENE SULFONATE,0
"ISOTRIDECANOL, ETHOXYLATED",0
KATHON™ CG-ICP,0
K-D SPERSE GREEN EP7,0
K-D SPERSE VIOLET EP23,0
L LACTIC ACID (ACTIVE),0
LANOLIN,0
LAUNDRY DETERGENT,0
LAURAMIDOPROPYLAMINE OXIDE,0
C.I. ACID BLUE 182,72152-54-6
C.I. PIGMENT RED 5,6410-41-9
C.I. PIGMENT RED 57,4/9/81
C.I. RED 40,25956-17-6
C10 ETHOXYLATED ALCOHOL,160875-66-1
C12-18 ALCOHOLS ETHOXYLATED,69227-21-0
"C16-18 AND C18-UNSATD., ETHOXYLATED",68920-66-1
CARBOMER,1/4/03
CARBON DIOXIDE,124-38-9
CATALASE,5/2/01
CHROMOPHORE SUBSTITUTED POLYOXYALKYLENE,withheld
COLORANT,withheld
COLORANT INGREDIENT,withheld
CONFIDENTIAL STABILIZER PACKAGE,withheld
COPOLYMER OF ACRYLIC MALEIC AND SULPHONIC ACIDS,withheld
GLYCOL ETHER,withheld
COMPRESSED AIR,132259-10-0
COPOLYMER OF ACRYLIC AND SULPHONIC ACIDS,97953-25-8
CYAMOPSIS TETRAGONOLOBA (ORGANIC GUAR) GUM,9000-30-0
DECANOL,112-30-1
DEXTRIN,9004-53-9
"D-GLUCOPYRANOSIDE, 2-ETHYLHEXYL",108081-06-7
DIETHYLAMINOMETHYLCOUMARIN,91-44-1
DIETHYLENETRIAMINE,111-40-0
DIETHYLESTER DIMETHYL AMMONIUM CHLORIDE,1079184-43-2
"ETHANAMINIUM, 2-HYDROXY-N-(2-HYDROXYETHYL)-N,N-DIMETHYL-, ESTERS WITH C16-18 AND C18-UNSATD. FATTY ACIDS, CHLORIDES",1079184-43-2
DIMETHYL SULFATEDL,77-78-1
DIRECT VIOLET 66,'6798-03-4
"DODECYLBENZENESULPHONIC ACID, COMPOUND WITH 2-AMINOETHANOL",26836-07-7
ETHANE,74-84-0
ETHYLBENZENE DL,100-41-4
ETHYLENE GLYCOL,107-21-1
"FATTY ACIDS,COCO, COMPOUNDS WITH ETHANOLAMINE",66071-80-5
FRAGRANCE,100-52-7
GLYCERINE,8013-25-0
HYDROGEN SULFATE,14996-02-2
ISOPENTANE,78-78-4
ISOPROPYLIDENEGLYCEROL,100-79-8
